{
  "bindings": [
    {
      "type": "blobTrigger",
      "name": "image",
      "path": "images/{name}.jpg",
      "connection": "azurefunctionscookbook_STORAGE",
      "direction": "in"
    },
    {
      "type": "table",
      "name": "outMaleTable",
      "tableName": "MalefaceRectangle",
      "connection": "azurefunctionscookbook_STORAGE",
      "direction": "out"
    },
    {
      "type": "table",
      "name": "outFemaleTable",
      "tableName": "faceFeMaleRectangle",
      "connection": "azurefunctionscookbook_STORAGE",
      "direction": "out"
    }
  ],
  "disabled": false
}