{
  "bindings": [
    {
      "authLevel": "anonymous",
      "name": "req",
      "type": "httpTrigger",
      "direction": "in"
    },
    {
      "name": "$return",
      "type": "http",
      "direction": "out"
    },
    {
      "type": "table",
      "name": "objUserProfileTable",
      "tableName": "tblUserProfile",
      "connection": "azurecookbook1afcb_STORAGE",
      "direction": "out"
    },
    {
      "type": "queue",
      "name": "objUserProfileQueueItem",
      "queueName": "userprofileimagesqueue",
      "connection": "azurecookbook1afcb_STORAGE",
      "direction": "out"
    }
  ],
  "disabled": false
}